/*
 Navicat Premium Data Transfer

 Source Server         : 202.168.1.21
 Source Server Type    : MySQL
 Source Server Version : 80023
 Source Host           : 202.168.1.21:3306
 Source Schema         : dataview

 Target Server Type    : MySQL
 Target Server Version : 80023
 File Encoding         : 65001

 Date: 20/07/2021 22:21:25
*/

SET NAMES utf8mb4;
SET FOREIGN_KEY_CHECKS = 0;

-- ----------------------------
-- Table structure for dashboard
-- ----------------------------
DROP TABLE IF EXISTS `dashboard`;
CREATE TABLE `dashboard`  (
  `id` bigint(0) NOT NULL COMMENT '主键',
  `name` varchar(50) CHARACTER SET utf8mb4 COLLATE utf8mb4_0900_ai_ci NULL DEFAULT NULL COMMENT '名称',
  `grid_items` longtext CHARACTER SET utf8mb4 COLLATE utf8mb4_0900_ai_ci NULL COMMENT '展示内容明细',
  `create_time` datetime(0) NOT NULL COMMENT '创建时间',
  `last_update_time` datetime(0) NOT NULL COMMENT '最后更新时间',
  `last_update_user_id` varchar(50) CHARACTER SET utf8mb4 COLLATE utf8mb4_0900_ai_ci NULL DEFAULT NULL COMMENT '最后更新人',
  `create_user_id` varchar(50) CHARACTER SET utf8mb4 COLLATE utf8mb4_0900_ai_ci NULL DEFAULT NULL COMMENT '创建人',
  `description` varchar(100) CHARACTER SET utf8mb4 COLLATE utf8mb4_0900_ai_ci NULL DEFAULT NULL COMMENT '描述',
  `name_initial` varchar(32) CHARACTER SET utf8mb4 COLLATE utf8mb4_0900_ai_ci NULL DEFAULT NULL,
  `style` longtext CHARACTER SET utf8mb4 COLLATE utf8mb4_0900_ai_ci NULL COMMENT '样式',
  `global_filter` longtext CHARACTER SET utf8mb4 COLLATE utf8mb4_0900_ai_ci NULL COMMENT '全局筛选条件',
  `is_delete` tinyint(0) NOT NULL DEFAULT 0 COMMENT '是否删除',
  `use_data_snapshot` tinyint(0) NOT NULL DEFAULT 0 COMMENT '使用快照',
  PRIMARY KEY (`id`) USING BTREE
) ENGINE = InnoDB CHARACTER SET = utf8mb4 COLLATE = utf8mb4_0900_ai_ci ROW_FORMAT = Dynamic;

-- ----------------------------
-- Records of dashboard
-- ----------------------------
INSERT INTO `dashboard` VALUES (1416244218234511362, 'ces', '[{\"x\":5,\"y\":0,\"w\":5,\"h\":15,\"i\":\"6a847c791bfd6d8eec04b5a089c0e3a9\",\"style\":{\"backgroundColor\":\"transparent\",\"height\":\"100%\"},\"type\":\"carousel\",\"config\":{\"tabs\":[{\"id\":\"1414141634099146753\",\"name\":\"123\"},{\"id\":\"1415871769282195457\",\"name\":\"门诊人次计数器\"},{\"id\":\"1414987839796510721\",\"name\":\"饼图\"},{\"id\":\"1413703258573115393\",\"name\":\"患者来源分布地图\"}],\"type\":\"\",\"interval\":5000,\"direction\":\"horizontal\"},\"moved\":false},{\"x\":10,\"y\":0,\"w\":2,\"h\":1,\"i\":\"2221a0b77cd939c28222d10a90d5e9a0\",\"style\":{\"backgroundColor\":\"transparent\",\"height\":\"100%\"},\"type\":\"timer\",\"moved\":false},{\"x\":0,\"y\":0,\"w\":5,\"h\":16,\"i\":\"4e40f4fa6d3835ab3b48f426715b916a\",\"style\":{\"backgroundColor\":\"transparent\",\"height\":\"100%\",\"title\":{\"show\":false,\"content\":\"表格\",\"backgroundColor\":\"transparent\",\"color\":\"#000000\",\"height\":\"30px\",\"font-size\":12,\"line-height\":\"30px\"},\"content\":{\"height\":\"100%\"}},\"type\":\"workbook\",\"workbookid\":\"1416301742262427650\",\"moved\":false}]', '2021-07-17 11:51:49', '2021-07-18 17:29:34', NULL, NULL, NULL, NULL, '{\"margin\":[10,10],\"backgroundImage\":\"url(static/img/background-3.465995a5.jpg)\"}', '{\"date\":{\"date_range\":[\"2021-07-17T03:49:22.204Z\",\"2021-07-17T03:49:22.204Z\"],\"default\":0}}', 1, 0);
INSERT INTO `dashboard` VALUES (1416696433592070145, '分析一', '[{\"x\":0,\"y\":0,\"w\":6,\"h\":10,\"i\":\"46f53269eda572a049966182072b1d8d\",\"style\":{\"backgroundColor\":\"transparent\",\"height\":\"100%\"},\"type\":\"carousel\",\"config\":{\"tabs\":[{\"id\":\"1413703258573115393\",\"name\":\"患者来源分布地图\"},{\"id\":\"1414868845928226817\",\"name\":\"文字云\"},{\"id\":\"1414869963869626370\",\"name\":\"矩阵图表\"}],\"type\":\"\",\"interval\":5000,\"direction\":\"horizontal\"},\"moved\":false},{\"x\":6,\"y\":0,\"w\":4,\"h\":10,\"i\":\"8b2db79aebd2141d1595e70615fc4fcc\",\"style\":{\"backgroundColor\":\"transparent\",\"height\":\"100%\",\"title\":{\"show\":false,\"content\":\"表格\",\"backgroundColor\":\"transparent\",\"color\":\"#000000\",\"height\":\"30px\",\"font-size\":12,\"line-height\":\"30px\"},\"content\":{\"height\":\"100%\"}},\"type\":\"workbook\",\"workbookid\":\"1416301742262427650\",\"moved\":false}]', '2021-07-18 17:48:45', '2021-07-18 17:48:45', NULL, NULL, NULL, NULL, '{\"config\":{\"margin\":[30,30]},\"backgroundImage\":\"url(static/img/background-6.9a150cd3.jpg)\"}', '{\"date\":{\"date_range\":[\"2021-07-18T09:45:56.976Z\",\"2021-07-18T09:45:56.976Z\"],\"default\":0}}', 0, 0);

-- ----------------------------
-- Table structure for data_source
-- ----------------------------
DROP TABLE IF EXISTS `data_source`;
CREATE TABLE `data_source`  (
  `id` bigint(0) NOT NULL AUTO_INCREMENT,
  `name` varchar(50) CHARACTER SET utf8mb4 COLLATE utf8mb4_0900_ai_ci NOT NULL COMMENT '名称',
  `repository_id` bigint(0) NOT NULL COMMENT '数据仓库ID',
  `data_provider_type` int(0) NOT NULL,
  `pre_data_fields` longtext CHARACTER SET utf8mb4 COLLATE utf8mb4_0900_ai_ci NULL,
  `choose_tables` longtext CHARACTER SET utf8mb4 COLLATE utf8mb4_0900_ai_ci NULL,
  `table_relations` longtext CHARACTER SET utf8mb4 COLLATE utf8mb4_0900_ai_ci NULL,
  `query_type` int(0) NOT NULL DEFAULT 0 COMMENT '查询模式',
  `syntax` text CHARACTER SET utf8mb4 COLLATE utf8mb4_0900_ai_ci NULL COMMENT '查询语句',
  `before_execute` text CHARACTER SET utf8mb4 COLLATE utf8mb4_0900_ai_ci NULL COMMENT '前置执行',
  `create_time` datetime(0) NULL DEFAULT NULL,
  `last_update_time` datetime(0) NULL DEFAULT NULL,
  `last_update_user_id` varchar(50) CHARACTER SET utf8mb4 COLLATE utf8mb4_0900_ai_ci NULL DEFAULT NULL,
  `create_user_id` varchar(50) CHARACTER SET utf8mb4 COLLATE utf8mb4_0900_ai_ci NULL DEFAULT NULL,
  `description` varchar(100) CHARACTER SET utf8mb4 COLLATE utf8mb4_0900_ai_ci NULL DEFAULT NULL,
  `is_delete` tinyint(0) NOT NULL DEFAULT 0,
  PRIMARY KEY (`id`) USING BTREE
) ENGINE = InnoDB AUTO_INCREMENT = 3890230949739905026 CHARACTER SET = utf8mb4 COLLATE = utf8mb4_0900_ai_ci COMMENT = '数据源' ROW_FORMAT = Dynamic;

-- ----------------------------
-- Records of data_source
-- ----------------------------
INSERT INTO `data_source` VALUES (1413702536221691905, '患者分布', 3694076268979945472, 4, '[{\"name\":\"患者id\",\"dataType\":1,\"systemName\":\"患者id\"},{\"name\":\"人数\",\"dataType\":2,\"systemName\":\"人数\"},{\"name\":\"省\",\"dataType\":1,\"systemName\":\"省\"},{\"name\":\"市\",\"dataType\":1,\"systemName\":\"市\"},{\"name\":\"区\",\"dataType\":1,\"systemName\":\"区\"},{\"name\":\"省份\",\"dataType\":1,\"systemName\":\"省份\"},{\"name\":\"日期\",\"dataType\":4,\"systemName\":\"日期\"}]', '[]', '[]', 1, 'SELECT\npa.patientid as 患者id, \n		1 AS 人数,\ndz.province as 省,\ndz.city as 市,\ndz.area as 区,\ncase when idcard in (\'无\',\'未带\',null,\'\') then \'未知\' when SUBSTR(idcard, 1,2) =\'45\' then \'广西\' else \'外省\' end as\n省份,\nPA.registerdate 日期\nFROM\n	pa_patientinfo pa\nleft join dim_address dz on substring(pa.idcard,1,6)=dz.addresscode\n\nWHERE\n	dz.city IS NOT NULL', NULL, '2021-07-10 11:32:05', '2021-07-10 11:32:05', NULL, NULL, NULL, 1);
INSERT INTO `data_source` VALUES (1413702939306889218, '患者分布', 3694076268979945472, 4, '[{\"name\":\"hospitalno\",\"dataType\":1,\"systemName\":\"hospitalno\"},{\"name\":\"hospitalname\",\"dataType\":1,\"systemName\":\"hospitalname\"},{\"name\":\"medicalrecordno\",\"dataType\":1,\"systemName\":\"medicalrecordno\"},{\"name\":\"paymentcategorydescription\",\"dataType\":1,\"systemName\":\"paymentcategorydescription\"},{\"name\":\"patientid\",\"dataType\":1,\"systemName\":\"patientid\"},{\"name\":\"visitnumber\",\"dataType\":1,\"systemName\":\"visitnumber\"},{\"name\":\"patientname\",\"dataType\":1,\"systemName\":\"patientname\"},{\"name\":\"sexname\",\"dataType\":1,\"systemName\":\"sexname\"},{\"name\":\"birthday\",\"dataType\":4,\"systemName\":\"birthday\"},{\"name\":\"maritalstatusname\",\"dataType\":1,\"systemName\":\"maritalstatusname\"},{\"name\":\"nationid\",\"dataType\":1,\"systemName\":\"nationid\"},{\"name\":\"nationname\",\"dataType\":1,\"systemName\":\"nationname\"},{\"name\":\"countryid\",\"dataType\":1,\"systemName\":\"countryid\"},{\"name\":\"countryname\",\"dataType\":1,\"systemName\":\"countryname\"},{\"name\":\"ssn\",\"dataType\":1,\"systemName\":\"ssn\"},{\"name\":\"workaddress\",\"dataType\":1,\"systemName\":\"workaddress\"},{\"name\":\"workphone\",\"dataType\":1,\"systemName\":\"workphone\"},{\"name\":\"workzipcode\",\"dataType\":1,\"systemName\":\"workzipcode\"},{\"name\":\"accountaddress\",\"dataType\":1,\"systemName\":\"accountaddress\"},{\"name\":\"accountzipcode\",\"dataType\":1,\"systemName\":\"accountzipcode\"},{\"name\":\"contactpersonname\",\"dataType\":1,\"systemName\":\"contactpersonname\"},{\"name\":\"contactrelationship\",\"dataType\":1,\"systemName\":\"contactrelationship\"},{\"name\":\"contactaddress\",\"dataType\":1,\"systemName\":\"contactaddress\"},{\"name\":\"contactphone\",\"dataType\":1,\"systemName\":\"contactphone\"},{\"name\":\"readmission\",\"dataType\":2,\"systemName\":\"readmission\"},{\"name\":\"admissionepisode\",\"dataType\":1,\"systemName\":\"admissionepisode\"},{\"name\":\"isfirsttherapy\",\"dataType\":2,\"systemName\":\"isfirsttherapy\"},{\"name\":\"assignedlocationunit\",\"dataType\":1,\"systemName\":\"assignedlocationunit\"},{\"name\":\"assignedlocationunitdesc\",\"dataType\":1,\"systemName\":\"assignedlocationunitdesc\"},{\"name\":\"admissiondeptcode\",\"dataType\":1,\"systemName\":\"admissiondeptcode\"},{\"name\":\"admissiondeptname\",\"dataType\":1,\"systemName\":\"admissiondeptname\"},{\"name\":\"admissionlocationunit\",\"dataType\":1,\"systemName\":\"admissionlocationunit\"},{\"name\":\"admissionlocationunitdesc\",\"dataType\":1,\"systemName\":\"admissionlocationunitdesc\"},{\"name\":\"admissionbedno\",\"dataType\":1,\"systemName\":\"admissionbedno\"},{\"name\":\"dischargedeptcode\",\"dataType\":1,\"systemName\":\"dischargedeptcode\"},{\"name\":\"dischargedeptname\",\"dataType\":1,\"systemName\":\"dischargedeptname\"},{\"name\":\"dischargelocationunit\",\"dataType\":1,\"systemName\":\"dischargelocationunit\"},{\"name\":\"dischargelocationunitdesc\",\"dataType\":1,\"systemName\":\"dischargelocationunitdesc\"},{\"name\":\"dischargebedno\",\"dataType\":1,\"systemName\":\"dischargebedno\"},{\"name\":\"headofdeptno\",\"dataType\":1,\"systemName\":\"headofdeptno\"},{\"name\":\"headofdeptname\",\"dataType\":1,\"systemName\":\"headofdeptname\"},{\"name\":\"principlemdno\",\"dataType\":1,\"systemName\":\"principlemdno\"},{\"name\":\"principlemdname\",\"dataType\":1,\"systemName\":\"principlemdname\"},{\"name\":\"attendingmdno\",\"dataType\":1,\"systemName\":\"attendingmdno\"},{\"name\":\"attendingmdname\",\"dataType\":1,\"systemName\":\"attendingmdname\"},{\"name\":\"assistantmdno\",\"dataType\":1,\"systemName\":\"assistantmdno\"},{\"name\":\"assistantmdname\",\"dataType\":1,\"systemName\":\"assistantmdname\"},{\"name\":\"coderstaffno\",\"dataType\":1,\"systemName\":\"coderstaffno\"},{\"name\":\"coderstaffname\",\"dataType\":1,\"systemName\":\"coderstaffname\"},{\"name\":\"furthereducationno\",\"dataType\":1,\"systemName\":\"furthereducationno\"},{\"name\":\"furthereducationname\",\"dataType\":1,\"systemName\":\"furthereducationname\"},{\"name\":\"internshipdoctorno\",\"dataType\":1,\"systemName\":\"internshipdoctorno\"},{\"name\":\"internshipdoctorname\",\"dataType\":1,\"systemName\":\"internshipdoctorname\"},{\"name\":\"qualitydoctorno\",\"dataType\":1,\"systemName\":\"qualitydoctorno\"},{\"name\":\"qualitydoctorname\",\"dataType\":1,\"systemName\":\"qualitydoctorname\"},{\"name\":\"qualitynurseno\",\"dataType\":1,\"systemName\":\"qualitynurseno\"},{\"name\":\"qualitynursename\",\"dataType\":1,\"systemName\":\"qualitynursename\"},{\"name\":\"qualitydate\",\"dataType\":4,\"systemName\":\"qualitydate\"},{\"name\":\"los\",\"dataType\":2,\"systemName\":\"los\"},{\"name\":\"admissiondate\",\"dataType\":4,\"systemName\":\"admissiondate\"},{\"name\":\"dischargedate\",\"dataType\":4,\"systemName\":\"dischargedate\"},{\"name\":\"pathologynoicd\",\"dataType\":1,\"systemName\":\"pathologynoicd\"},{\"name\":\"primarydiagnosiscode\",\"dataType\":1,\"systemName\":\"primarydiagnosiscode\"},{\"name\":\"consultdischargeconcur\",\"dataType\":1,\"systemName\":\"consultdischargeconcur\"},{\"name\":\"consultdischargeconcurname\",\"dataType\":1,\"systemName\":\"consultdischargeconcurname\"},{\"name\":\"admissiondischargeconcur\",\"dataType\":1,\"systemName\":\"admissiondischargeconcur\"},{\"name\":\"admissiondischargeconcurname\",\"dataType\":1,\"systemName\":\"admissiondischargeconcurname\"},{\"name\":\"prepostoperationconcur\",\"dataType\":1,\"systemName\":\"prepostoperationconcur\"},{\"name\":\"prepostoperationconcurname\",\"dataType\":1,\"systemName\":\"prepostoperationconcurname\"},{\"name\":\"cpconcur\",\"dataType\":1,\"systemName\":\"cpconcur\"},{\"name\":\"cpconcurname\",\"dataType\":1,\"systemName\":\"cpconcurname\"},{\"name\":\"rpconcur\",\"dataType\":1,\"systemName\":\"rpconcur\"},{\"name\":\"rpconcurname\",\"dataType\":1,\"systemName\":\"rpconcurname\"},{\"name\":\"hbsag\",\"dataType\":1,\"systemName\":\"hbsag\"},{\"name\":\"hcvab\",\"dataType\":1,\"systemName\":\"hcvab\"},{\"name\":\"hivab\",\"dataType\":1,\"systemName\":\"hivab\"},{\"name\":\"aboblood\",\"dataType\":1,\"systemName\":\"aboblood\"},{\"name\":\"rh\",\"dataType\":1,\"systemName\":\"rh\"},{\"name\":\"transfusionbloodamount\",\"dataType\":2,\"systemName\":\"transfusionbloodamount\"},{\"name\":\"rbc\",\"dataType\":2,\"systemName\":\"rbc\"},{\"name\":\"bloodplatelet\",\"dataType\":2,\"systemName\":\"bloodplatelet\"},{\"name\":\"bloodplasma\",\"dataType\":2,\"systemName\":\"bloodplasma\"},{\"name\":\"blood\",\"dataType\":2,\"systemName\":\"blood\"},{\"name\":\"otherblood\",\"dataType\":2,\"systemName\":\"otherblood\"},{\"name\":\"transfusionreaction\",\"dataType\":1,\"systemName\":\"transfusionreaction\"},{\"name\":\"isallergy\",\"dataType\":1,\"systemName\":\"isallergy\"},{\"name\":\"isautospy\",\"dataType\":1,\"systemName\":\"isautospy\"},{\"name\":\"isfollowupneededdescription\",\"dataType\":1,\"systemName\":\"isfollowupneededdescription\"},{\"name\":\"mrqualitygrade\",\"dataType\":1,\"systemName\":\"mrqualitygrade\"},{\"name\":\"isteachcase\",\"dataType\":1,\"systemName\":\"isteachcase\"},{\"name\":\"rescuecount\",\"dataType\":2,\"systemName\":\"rescuecount\"},{\"name\":\"rescuesuccesscount\",\"dataType\":2,\"systemName\":\"rescuesuccesscount\"},{\"name\":\"visitnumberid\",\"dataType\":2,\"systemName\":\"visitnumberid\"},{\"name\":\"str6\",\"dataType\":1,\"systemName\":\"str6\"},{\"name\":\"resourcetable\",\"dataType\":1,\"systemName\":\"resourcetable\"},{\"name\":\"resourcetablekey\",\"dataType\":1,\"systemName\":\"resourcetablekey\"},{\"name\":\"resourcetablekeyvalue\",\"dataType\":1,\"systemName\":\"resourcetablekeyvalue\"},{\"name\":\"isdeleted\",\"dataType\":2,\"systemName\":\"isdeleted\"},{\"name\":\"lastupdatedttm\",\"dataType\":4,\"systemName\":\"lastupdatedttm\"},{\"name\":\"lastimportdttm\",\"dataType\":4,\"systemName\":\"lastimportdttm\"},{\"name\":\"empiseqid\",\"dataType\":2,\"systemName\":\"empiseqid\"}]', '[]', '[]', 1, 'select * from mr_medicalrecord', NULL, '2021-07-10 11:33:41', '2021-07-20 00:25:50', NULL, NULL, NULL, 0);
INSERT INTO `data_source` VALUES (1413704628726403073, '收入情况', 3694076268979945472, 4, '[{\"name\":\"oporip\",\"dataType\":1,\"systemName\":\"oporip\"},{\"name\":\"日期\",\"dataType\":4,\"systemName\":\"日期\"},{\"name\":\"科室代码\",\"dataType\":1,\"systemName\":\"科室代码\"},{\"name\":\"科室名称\",\"dataType\":1,\"systemName\":\"科室名称\"},{\"name\":\"医生编码\",\"dataType\":1,\"systemName\":\"医生编码\"},{\"name\":\"医生名称\",\"dataType\":1,\"systemName\":\"医生名称\"},{\"name\":\"医生姓名\",\"dataType\":1,\"systemName\":\"医生姓名\"},{\"name\":\"药品费用\",\"dataType\":2,\"systemName\":\"药品费用\"},{\"name\":\"非药品费用\",\"dataType\":2,\"systemName\":\"非药品费用\"},{\"name\":\"材料费用\",\"dataType\":2,\"systemName\":\"材料费用\"},{\"name\":\"检查检验费\",\"dataType\":2,\"systemName\":\"检查检验费\"},{\"name\":\"金额\",\"dataType\":2,\"systemName\":\"金额\"}]', '[]', '[]', 1, 'select * from v_ab_all_feelist1', NULL, '2021-07-10 11:40:24', '2021-07-20 15:11:46', NULL, NULL, NULL, 0);
INSERT INTO `data_source` VALUES (1414977967679959041, '入出院人次', 3694076268979945472, 4, '[{\"name\":\"人次\",\"dataType\":2,\"systemName\":\"人次\"},{\"name\":\"天数类别\",\"dataType\":1,\"systemName\":\"天数类别\"},{\"name\":\"出院日期\",\"dataType\":4,\"systemName\":\"出院日期\"},{\"name\":\"当前科室代码\",\"dataType\":1,\"systemName\":\"当前科室代码\"},{\"name\":\"当前科室名称\",\"dataType\":1,\"systemName\":\"当前科室名称\"},{\"name\":\"病区代码\",\"dataType\":1,\"systemName\":\"病区代码\"},{\"name\":\"病区名称\",\"dataType\":1,\"systemName\":\"病区名称\"},{\"name\":\"授权科室名称\",\"dataType\":1,\"systemName\":\"授权科室名称\"},{\"name\":\"主治医生代码\",\"dataType\":1,\"systemName\":\"主治医生代码\"},{\"name\":\"主治医生姓名\",\"dataType\":1,\"systemName\":\"主治医生姓名\"},{\"name\":\"病人状态代码\",\"dataType\":1,\"systemName\":\"病人状态代码\"},{\"name\":\"入院时间\",\"dataType\":4,\"systemName\":\"入院时间\"},{\"name\":\"出院方式\",\"dataType\":1,\"systemName\":\"出院方式\"}]', '[]', '[]', 1, 'SELECT\n 1 AS 人次,\nCASE\n \n WHEN CAST ( daysinhospital AS DECIMAL ( 20, 4 ) ) >= 0 \n AND CAST ( daysinhospital AS DECIMAL ( 20, 4 ) ) < 15 THEN\n  \'0-14天\' \n  WHEN CAST ( daysinhospital AS DECIMAL ( 20, 4 ) ) >= 15 \n  AND CAST ( daysinhospital AS DECIMAL ( 20, 4 ) ) < 30 THEN\n   \'15-29天\' \n   WHEN CAST ( daysinhospital AS DECIMAL ( 20, 4 ) ) >= 30 \n   AND CAST ( daysinhospital AS DECIMAL ( 20, 4 ) ) <= 60 THEN\n    \'30-60天\' \n    WHEN CAST ( daysinhospital AS DECIMAL ( 20, 4 ) ) >= 61 \n    AND CAST ( daysinhospital AS DECIMAL ( 20, 4 ) ) <= 90 THEN\n     \'61-90天\' \n     WHEN CAST ( daysinhospital AS DECIMAL ( 20, 4 ) ) > 90 THEN\n     \'大于90以上\' \n    END AS 天数类别,\n    A.DischargeDate 出院日期,\n    A.inhospitaldeptcode 当前科室代码,\n    A.inhospitaldeptname 当前科室名称,\n    A.WardCode 病区代码,\n    A.WardName 病区名称,\n   c.name2 as 授权科室名称,\n    A.attendingdoctorcode 主治医生代码,\n    A.attendingdoctorname 主治医生姓名,\n    A.patientstatus AS 病人状态代码,\n    A.inhospitaldate AS 入院时间,\n    A.dischargekindnname AS 出院方式   \n   FROM\n    pa_ip_admissiondischarge a\nleft join  mdept_vs_hisdept c on a.CurrentDeptCode=c.ksdm\n   WHERE\n    patientstatus in (\'0\',\'1\')\n    AND A.isdeleted = 0', NULL, '2021-07-14 00:00:11', '2021-07-19 20:52:27', NULL, NULL, NULL, 0);
INSERT INTO `data_source` VALUES (1415863308821577729, '门诊就诊人次', 3694076268979945472, 4, '[{\"name\":\"就诊序号\",\"dataType\":1,\"systemName\":\"就诊序号\"},{\"name\":\"就诊时间\",\"dataType\":4,\"systemName\":\"就诊时间\"},{\"name\":\"科室名称\",\"dataType\":1,\"systemName\":\"科室名称\"},{\"name\":\"医生姓名\",\"dataType\":1,\"systemName\":\"医生姓名\"}]', '[]', '[]', 1, 'select \na.visitnumber as 就诊序号,\n a.regdate as   就诊时间,   \na.regdeptname as 科室名称,\na.regdoctorname as 医生姓名\nFrom  pa_op_registration  a \nleft join  mdept_vs_hisdept c on a.regdeptcode=c.ksdm\nwhere   a.isdeleted = 0', NULL, '2021-07-16 10:38:13', '2021-07-16 10:38:13', NULL, NULL, NULL, 0);
INSERT INTO `data_source` VALUES (1417060355767603202, '门诊处方', 3857066227973226496, 3, '[{\"name\":\"计数\",\"dataType\":2,\"systemName\":\"计数\"},{\"name\":\"请领日期\",\"dataType\":4,\"systemName\":\"请领日期\"},{\"name\":\"发药日期\",\"dataType\":4,\"systemName\":\"发药日期\"},{\"name\":\"处方单号\",\"dataType\":2,\"systemName\":\"处方单号\"},{\"name\":\"就诊流水号\",\"dataType\":1,\"systemName\":\"就诊流水号\"},{\"name\":\"请领单号\",\"dataType\":2,\"systemName\":\"请领单号\"},{\"name\":\"药品编码\",\"dataType\":2,\"systemName\":\"药品编码\"},{\"name\":\"是否基药\",\"dataType\":2,\"systemName\":\"是否基药\"},{\"name\":\"是否静脉输液\",\"dataType\":2,\"systemName\":\"是否静脉输液\"},{\"name\":\"是否注射剂\",\"dataType\":2,\"systemName\":\"是否注射剂\"},{\"name\":\"金额\",\"dataType\":2,\"systemName\":\"金额\"},{\"name\":\"ROW_ID\",\"dataType\":2,\"systemName\":\"ROW_ID\"}]', '[]', '[]', 1, 'select 1 as 计数, ods_his.FUNC_GETDATE(qlrq) 请领日期,\n   ods_his.FUNC_GETDATE(t.JZRQ) 发药日期,\nods_his.FUNC_GETDATE(decode(t.tyrq,0,\'\',t.tyrq)) 退药日期,\n   decode(t.yscfh,\'0\',t.qldh,t.yscfh) 处方单号,\n   t.MZLSH 就诊流水号,\n   t.qldh 请领单号,\n   t1.ypbmid 药品编码,\n   t2.isbasic 是否基药,\n   t2.antibioticslevel 抗菌药物等级,\n   case when t1.yf in (\'2\',\'3\',\'22\',\'23\',\'25\',\'26\',\'27\',\'28\',\'200\',\'290\',\'291\',\'292\',\'293\',\'294\',\'295\',\'296\',\'297\') then 1 else 0 end 是否静脉输液,\n    case when t3.mc in (\'肌内注射\',\'皮下注射\',\'穴位注射\',\'静脉注射\') then 1 else 0 end 是否注射剂,\n   t1.fy 金额 \n   from ods_his.MZ_YPQLDM t \n   left join ods_his.MZ_YPQLDD t1 on t.qldh = t1.qldh\n  left join (select   CASE \n   WHEN bitand(a.LB, ods_his.func_getbin((\n      SELECT bm\n      FROM ods_his.zd_ypjb\n      WHERE mc = \'基本药物\'\n   ))) > 0\n   OR bitand(a.LB, ods_his.func_getbin((\n      SELECT bm\n      FROM ods_his.zd_ypjb\n      WHERE mc = \'基药增补品种\'\n   ))) > 0 THEN 1\n   ELSE 0\nEND AS isbasic , \nCASE \n   WHEN bitand(a.LB, ods_his.func_getbin((\n      SELECT bm\n      FROM ods_his.zd_ypjb\n      WHERE mc = \'非限制使用级抗菌药物\'\n   ))) > 0 THEN 1\n   WHEN bitand(a.LB, ods_his.func_getbin((\n      SELECT bm\n      FROM ods_his.zd_ypjb\n      WHERE mc = \'限制使用级抗菌药物\'\n   ))) > 0 THEN 2\n   WHEN bitand(a.LB, ods_his.func_getbin((\n      SELECT bm\n      FROM ods_his.zd_ypjb\n      WHERE mc = \'特殊使用级抗菌药物\'\n   ))) > 0 THEN 3\n   ELSE NULL\nEND AS antibioticslevel,\n a.bmid \nFROM ods_his.ZD_YP a )  t2 on t1.ypbmid = t2.bmid\nleft join ods_his.zd_yf t3 on t1.yf = t3.bm \n   where t.ISDELETED = 0 and t1.ISDELETEd=0', NULL, '2021-07-19 17:54:51', '2021-07-19 17:54:51', NULL, NULL, NULL, 0);
INSERT INTO `data_source` VALUES (1417431736711757825, '王俊的爬虫库', 1417429100218400769, 2, '[{\"name\":\"id\",\"dataType\":2,\"systemName\":\"id\"},{\"name\":\"title\",\"dataType\":1,\"systemName\":\"title\"},{\"name\":\"number\",\"dataType\":1,\"systemName\":\"number\"},{\"name\":\"publish_time\",\"dataType\":4,\"systemName\":\"publish_time\"},{\"name\":\"length\",\"dataType\":1,\"systemName\":\"length\"},{\"name\":\"publisher\",\"dataType\":1,\"systemName\":\"publisher\"},{\"name\":\"publisher_url\",\"dataType\":1,\"systemName\":\"publisher_url\"},{\"name\":\"studio\",\"dataType\":1,\"systemName\":\"studio\"},{\"name\":\"studio_url\",\"dataType\":1,\"systemName\":\"studio_url\"},{\"name\":\"director\",\"dataType\":1,\"systemName\":\"director\"},{\"name\":\"director_url\",\"dataType\":1,\"systemName\":\"director_url\"},{\"name\":\"url\",\"dataType\":1,\"systemName\":\"url\"},{\"name\":\"create_time\",\"dataType\":4,\"systemName\":\"create_time\"},{\"name\":\"star_name\",\"dataType\":1,\"systemName\":\"star_name\"}]', '[]', '[]', 1, 'select t.*,t2.star_name from movie_info t inner join movie_star_relation t1 on t.id = t1.movie_id\ninner join star_info t2 on t1.star_code=t2.star_code ', NULL, '2021-07-20 18:30:35', '2021-07-20 18:30:35', NULL, NULL, NULL, 0);

-- ----------------------------
-- Table structure for prequerytaskdetail
-- ----------------------------
DROP TABLE IF EXISTS `prequerytaskdetail`;
CREATE TABLE `prequerytaskdetail`  (
  `Id` bigint(0) NOT NULL,
  `CreateTime` datetime(0) NOT NULL,
  `LastUpdateTime` datetime(0) NOT NULL,
  `LastUpdateUserId` varchar(50) CHARACTER SET utf8mb4 COLLATE utf8mb4_0900_ai_ci NULL DEFAULT NULL,
  `CreateUserId` varchar(50) CHARACTER SET utf8mb4 COLLATE utf8mb4_0900_ai_ci NULL DEFAULT NULL,
  `IsDelete` tinyint(0) NOT NULL,
  `Description` longtext CHARACTER SET utf8mb4 COLLATE utf8mb4_0900_ai_ci NULL,
  `DashboardId` bigint(0) NOT NULL,
  `WorkbookId` bigint(0) NOT NULL,
  `ExcSql` longtext CHARACTER SET utf8mb4 COLLATE utf8mb4_0900_ai_ci NULL,
  `DateRanges` longtext CHARACTER SET utf8mb4 COLLATE utf8mb4_0900_ai_ci NULL,
  `ExeTimes` double NULL DEFAULT NULL,
  `Batch` longtext CHARACTER SET utf8mb4 COLLATE utf8mb4_0900_ai_ci NOT NULL,
  `LogType` int(0) NULL DEFAULT NULL,
  `LogMsg` longtext CHARACTER SET utf8mb4 COLLATE utf8mb4_0900_ai_ci NULL
) ENGINE = InnoDB CHARACTER SET = utf8mb4 COLLATE = utf8mb4_0900_ai_ci ROW_FORMAT = Dynamic;

-- ----------------------------
-- Records of prequerytaskdetail
-- ----------------------------

-- ----------------------------
-- Table structure for repository_config
-- ----------------------------
DROP TABLE IF EXISTS `repository_config`;
CREATE TABLE `repository_config`  (
  `provider_type` int(0) NOT NULL AUTO_INCREMENT COMMENT '数据库连接类型',
  `provider_name` varchar(255) CHARACTER SET utf8mb4 COLLATE utf8mb4_0900_ai_ci NULL DEFAULT NULL COMMENT '名称',
  `database_driver` varchar(255) CHARACTER SET utf8mb4 COLLATE utf8mb4_0900_ai_ci NULL DEFAULT NULL COMMENT '驱动',
  PRIMARY KEY (`provider_type`) USING BTREE
) ENGINE = InnoDB AUTO_INCREMENT = 5 CHARACTER SET = utf8mb4 COLLATE = utf8mb4_0900_ai_ci ROW_FORMAT = Dynamic;

-- ----------------------------
-- Records of repository_config
-- ----------------------------
INSERT INTO `repository_config` VALUES (1, 'SQL SERVER', 'com.microsoft.sqlserver.jdbc.SQLServerDriver');
INSERT INTO `repository_config` VALUES (2, 'MYSQL8', 'com.mysql.cj.jdbc.Driver');
INSERT INTO `repository_config` VALUES (3, 'ORACLE', 'oracle.jdbc.driver.OracleDriver');
INSERT INTO `repository_config` VALUES (4, 'PostgreSQL', 'org.postgresql.Driver');

-- ----------------------------
-- Table structure for repository_source
-- ----------------------------
DROP TABLE IF EXISTS `repository_source`;
CREATE TABLE `repository_source`  (
  `id` bigint(0) NOT NULL COMMENT '主键',
  `name` varchar(50) CHARACTER SET utf8mb4 COLLATE utf8mb4_0900_ai_ci NULL DEFAULT NULL COMMENT '名称',
  `repository_name` varchar(50) CHARACTER SET utf8mb4 COLLATE utf8mb4_0900_ai_ci NULL DEFAULT NULL COMMENT '仓库名',
  `url` varchar(255) CHARACTER SET utf8mb4 COLLATE utf8mb4_0900_ai_ci NULL DEFAULT NULL COMMENT '连接字符串',
  `username` varchar(100) CHARACTER SET utf8mb4 COLLATE utf8mb4_0900_ai_ci NULL DEFAULT NULL COMMENT '用户名',
  `password` varchar(100) CHARACTER SET utf8mb4 COLLATE utf8mb4_0900_ai_ci NULL DEFAULT NULL COMMENT '密码',
  `data_provider_type` int(0) NOT NULL COMMENT '数据库类型',
  `driver_class_name` varchar(255) CHARACTER SET utf8mb4 COLLATE utf8mb4_0900_ai_ci NULL DEFAULT NULL COMMENT '驱动',
  `create_time` datetime(0) NOT NULL COMMENT '创建时间',
  `last_update_time` datetime(0) NOT NULL COMMENT '最新修改时间',
  `last_update_user_id` varchar(50) CHARACTER SET utf8mb4 COLLATE utf8mb4_0900_ai_ci NULL DEFAULT NULL COMMENT '修改人',
  `create_user_id` varchar(50) CHARACTER SET utf8mb4 COLLATE utf8mb4_0900_ai_ci NULL DEFAULT NULL COMMENT '创建人 ',
  `description` varchar(100) CHARACTER SET utf8mb4 COLLATE utf8mb4_0900_ai_ci NULL DEFAULT NULL COMMENT '描述',
  `is_delete` tinyint(0) NOT NULL DEFAULT 0 COMMENT '是否删除',
  PRIMARY KEY (`id`) USING BTREE
) ENGINE = InnoDB CHARACTER SET = utf8mb4 COLLATE = utf8mb4_0900_ai_ci COMMENT = '数据仓库' ROW_FORMAT = Dynamic;

-- ----------------------------
-- Records of repository_source
-- ----------------------------
INSERT INTO `repository_source` VALUES (1378170519719276545, 'localhostMysql8', 'dataview', 'jdbc:mysql://202.168.1.21:3306/dataview?useUnicode=true&characterEncoding=utf-8&useSSL=false&serverTimezone=Asia/Shanghai', 'root', 'aning.com', 2, 'com.mysql.cj.jdbc.Driver', '2021-04-03 10:20:32', '2021-07-14 17:32:51', NULL, NULL, NULL, 0);
INSERT INTO `repository_source` VALUES (1417429100218400769, '王俊的数据库', '', 'jdbc:mysql://49.235.77.200:3306/moo?useUnicode=true&characterEncoding=utf-8&useSSL=false&serverTimezone=Asia/Shanghai', 'root', 'wj8621174', 2, 'com.mysql.cj.jdbc.Driver', '2021-07-20 18:20:07', '2021-07-20 18:47:49', NULL, NULL, NULL, 0);
INSERT INTO `repository_source` VALUES (3694076003652468736, 'datainsight', 'DataInsight', 'jdbc:sqlserver://202.168.1.30:1433;DatabaseName=DataInsight', 'sa', 'P@ssw0rd', 1, 'com.microsoft.sqlserver.jdbc.SQLServerDriver', '2019-09-16 16:59:13', '2021-07-14 17:32:39', 'sys', 'sys', NULL, 0);
INSERT INTO `repository_source` VALUES (3694076144992124928, 'MedCareRIS_repl', 'MedCareRIS_repl', ' 172.20.1.145\\ODS_SQL2012', 'sa', 'P@ssw0rd', 1, '1433', '2019-09-16 16:59:47', '2019-09-16 16:59:47', 'sys', 'sys', NULL, 1);
INSERT INTO `repository_source` VALUES (3694076268979945472, 'GP', 'cdrdb', 'jdbc:postgresql://202.168.1.48:5432/cdrdb', 'gpadmin', 'gpadmin', 4, 'org.postgresql.Driver', '2019-09-16 17:00:16', '2021-07-14 17:32:29', 'sys', 'sys', NULL, 0);
INSERT INTO `repository_source` VALUES (3694076576938328064, 'HERP0126_repl', 'HERP0126_repl', '172.20.1.145\\ODS_SQL2012', 'sa', 'P@ssw0rd', 1, '1433', '2019-09-16 17:01:30', '2020-05-20 14:20:36', 'sys', 'sys', NULL, 1);
INSERT INTO `repository_source` VALUES (3722318153737306112, 'mysql8', 'mysql8', 'jdbc:mysql://119.45.188.232:3306/dataview', 'root', 'aning.com', 2, 'com.mysql.cj.jdbc.Driver', '2019-12-03 15:23:26', '2020-07-05 20:09:26', 'sys', 'sys', NULL, 0);
INSERT INTO `repository_source` VALUES (3857066227973226496, 'ods', 'ods', 'jdbc:oracle:thin:@202.168.1.15:1521/ods', 'clinbrain', 'Passw0rd', 3, 'oracle.jdbc.driver.OracleDriver', '2020-12-09 11:24:11', '2021-07-04 03:24:10', 'sys', 'sys', NULL, 0);

-- ----------------------------
-- Table structure for systemconfig
-- ----------------------------
DROP TABLE IF EXISTS `systemconfig`;
CREATE TABLE `systemconfig`  (
  `Id` bigint(0) NOT NULL,
  `Name` varchar(50) CHARACTER SET utf8mb4 COLLATE utf8mb4_0900_ai_ci NULL DEFAULT NULL,
  `Key` varchar(50) CHARACTER SET utf8mb4 COLLATE utf8mb4_0900_ai_ci NULL DEFAULT NULL,
  `Value` longtext CHARACTER SET utf8mb4 COLLATE utf8mb4_0900_ai_ci NULL,
  `CreateTime` datetime(0) NOT NULL,
  `LastUpdateTime` datetime(0) NOT NULL,
  `LastUpdateUserId` varchar(50) CHARACTER SET utf8mb4 COLLATE utf8mb4_0900_ai_ci NULL DEFAULT NULL,
  `CreateUserId` varchar(50) CHARACTER SET utf8mb4 COLLATE utf8mb4_0900_ai_ci NULL DEFAULT NULL,
  `Description` varchar(100) CHARACTER SET utf8mb4 COLLATE utf8mb4_0900_ai_ci NULL DEFAULT NULL,
  `IsDelete` tinyint(0) NOT NULL,
  UNIQUE INDEX `IX_SystemConfig_Key`(`Key`, `CreateUserId`) USING BTREE
) ENGINE = InnoDB CHARACTER SET = utf8mb4 COLLATE = utf8mb4_0900_ai_ci ROW_FORMAT = Dynamic;

-- ----------------------------
-- Records of systemconfig
-- ----------------------------
INSERT INTO `systemconfig` VALUES (3694082731068620800, 'theme', 'theme', 'blue', '2019-09-16 17:25:57', '2021-03-11 10:18:25', NULL, NULL, NULL, 0);
INSERT INTO `systemconfig` VALUES (3722313984221642752, 'gf_structure_conf', 'gf_structure_conf', '{\"items\":[],\"applyfield\":\"Name\",\"enable\":false}', '2019-12-03 15:06:52', '2021-03-10 13:43:13', NULL, NULL, NULL, 0);
INSERT INTO `systemconfig` VALUES (3722314089817440256, 'gf_organization_conf', 'gf_organization_conf', '{\"items\":[],\"applyfield\":\"Name\",\"source\":null,\"enable\":false}', '2019-12-03 15:07:17', '2019-12-03 15:07:33', NULL, NULL, NULL, 0);
INSERT INTO `systemconfig` VALUES (3722314160202055680, 'gf_department_conf', 'gf_department_conf', '{\"items\":[{\"Name\":\"头颈外科\",\"Code\":\"01201\"},{\"Name\":\"质控科\",\"Code\":\"0507\"},{\"Name\":\"中药房\",\"Code\":\"045\"},{\"Name\":\"核磁共振室<停用>\",\"Code\":\"0315\"},{\"Name\":\"人事科\",\"Code\":\"0503\"},{\"Name\":\"介入治疗科\",\"Code\":\"014\"},{\"Name\":\"化疗二科\",\"Code\":\"01103\"},{\"Name\":\"发热排查室\",\"Code\":\"0493\"},{\"Name\":\"核酸检测点\",\"Code\":\"0494\"},{\"Name\":\"设备科\",\"Code\":\"0511\"},{\"Name\":\"结直肠肛门病区\",\"Code\":\"012080\"},{\"Name\":\"心理科\",\"Code\":\"022\"},{\"Name\":\"早诊早治上消化道癌筛查\",\"Code\":\"027\"},{\"Name\":\"广西壮族自治区肿瘤医院\",\"Code\":\"0\"},{\"Name\":\"药库\",\"Code\":\"0410\"},{\"Name\":\"心理咨询室\",\"Code\":\"0523\"},{\"Name\":\"麻醉科\",\"Code\":\"015\"},{\"Name\":\"放射科<停用>\",\"Code\":\"0303\"},{\"Name\":\"静配药房\",\"Code\":\"054\"},{\"Name\":\"核医学科\",\"Code\":\"0305\"},{\"Name\":\"门诊办公室\",\"Code\":\"020\"},{\"Name\":\"医院感染管理科\",\"Code\":\"0521\"},{\"Name\":\"中药库\",\"Code\":\"042\"},{\"Name\":\"普制\",\"Code\":\"056\"},{\"Name\":\"手术室\",\"Code\":\"016\"},{\"Name\":\"放疗科二病区\",\"Code\":\"01107\"},{\"Name\":\"备用药房\",\"Code\":\"051\"},{\"Name\":\"工会办\",\"Code\":\"0520\"},{\"Name\":\"早诊早治乳腺癌B超筛查\",\"Code\":\"026\"},{\"Name\":\"肝肿瘤多学科诊疗门诊\",\"Code\":\"0294\"},{\"Name\":\"胃及腹部肿瘤病区\",\"Code\":\"01208\"},{\"Name\":\"临床科室\",\"Code\":\"01\"},{\"Name\":\"行政科室\",\"Code\":\"05\"},{\"Name\":\"医保保健科\",\"Code\":\"0519\"},{\"Name\":\"宣传科\",\"Code\":\"0531\"},{\"Name\":\"乳腺外科一病区\",\"Code\":\"01206\"},{\"Name\":\"心电图室\",\"Code\":\"0308\"},{\"Name\":\"输血科\",\"Code\":\"0309\"},{\"Name\":\"化疗五科\",\"Code\":\"01105\"},{\"Name\":\"病理科\",\"Code\":\"0304\"},{\"Name\":\"病案室\",\"Code\":\"0530\"},{\"Name\":\"深静脉置管室\",\"Code\":\"025\"},{\"Name\":\"日间病房\",\"Code\":\"018\"},{\"Name\":\"妇科二病区\",\"Code\":\"01302\"},{\"Name\":\"门诊挂号处\",\"Code\":\"05011\"},{\"Name\":\"科研科\",\"Code\":\"0508\"},{\"Name\":\"检验科\",\"Code\":\"0306\"},{\"Name\":\"肿瘤防办\",\"Code\":\"0525\"},{\"Name\":\"旧处方\",\"Code\":\"048\"},{\"Name\":\"外科\",\"Code\":\"012\"},{\"Name\":\"住院登记处\",\"Code\":\"05014\"},{\"Name\":\"疾病流程管理办公室\",\"Code\":\"0527\"},{\"Name\":\"早诊早治肺癌筛查\",\"Code\":\"024\"},{\"Name\":\"----\",\"Code\":\"0515\"},{\"Name\":\"新冠肺炎专家组\",\"Code\":\"0492\"},{\"Name\":\"放疗中心\",\"Code\":\"0311\"},{\"Name\":\"门诊注射室\",\"Code\":\"019\"},{\"Name\":\"院办公室\",\"Code\":\"0502\"},{\"Name\":\"分子诊断中心\",\"Code\":\"0312\"},{\"Name\":\"医技科室\",\"Code\":\"03\"},{\"Name\":\"供应室\",\"Code\":\"0529\"},{\"Name\":\"药学部\",\"Code\":\"04\"},{\"Name\":\"审计科\",\"Code\":\"0504\"},{\"Name\":\"教务科\",\"Code\":\"0509\"},{\"Name\":\"医务科\",\"Code\":\"0506\"},{\"Name\":\"介入中心\",\"Code\":\"0310\"},{\"Name\":\"早诊早治乳腺癌钼靶筛查\",\"Code\":\"029\"},{\"Name\":\"血栓门诊\",\"Code\":\"0293\"},{\"Name\":\"化疗三科\",\"Code\":\"01104\"},{\"Name\":\"化疗一科\",\"Code\":\"01102\"},{\"Name\":\"骨软组织.神经外科<停用>\",\"Code\":\"01209\"},{\"Name\":\"泌尿外科\",\"Code\":\"01203\"},{\"Name\":\"重症医学科\",\"Code\":\"017\"},{\"Name\":\"中心药房\",\"Code\":\"044\"},{\"Name\":\"内科\",\"Code\":\"011\"},{\"Name\":\"PET/CT\",\"Code\":\"0316\"},{\"Name\":\"放疗科三病区\",\"Code\":\"01108\"},{\"Name\":\"门诊收费处\",\"Code\":\"05012\"},{\"Name\":\"胸瘤外科\",\"Code\":\"01202\"},{\"Name\":\"财务科\",\"Code\":\"0510\"},{\"Name\":\"保卫科\",\"Code\":\"0514\"},{\"Name\":\"药剂科\",\"Code\":\"046\"},{\"Name\":\"监察室\",\"Code\":\"0517\"},{\"Name\":\"药房\",\"Code\":\"0420\"},{\"Name\":\"放疗科一病区\",\"Code\":\"01106\"},{\"Name\":\"GE肺癌筛查\",\"Code\":\"0291\"},{\"Name\":\"中医科\",\"Code\":\"01110\"},{\"Name\":\"科研项目\",\"Code\":\"049\"},{\"Name\":\"实验研究部\",\"Code\":\"0526\"},{\"Name\":\"内窥镜室\",\"Code\":\"0307\"},{\"Name\":\"临床药学科\",\"Code\":\"047\"},{\"Name\":\"离退休管理办\",\"Code\":\"0516\"},{\"Name\":\"护理部\",\"Code\":\"0513\"},{\"Name\":\"护理督导组\",\"Code\":\"0524\"},{\"Name\":\"肝脏胆道病区\",\"Code\":\"01205\"},{\"Name\":\"门诊西药房\",\"Code\":\"043\"},{\"Name\":\"肿瘤编辑部\",\"Code\":\"0518\"},{\"Name\":\"住院收费处\",\"Code\":\"05013\"},{\"Name\":\"西药库\",\"Code\":\"041\"},{\"Name\":\"妇科一病区\",\"Code\":\"01301\"},{\"Name\":\"CT室<停用>\",\"Code\":\"0313\"},{\"Name\":\"卫生用品库\",\"Code\":\"050\"},{\"Name\":\"影像学诊断中心\",\"Code\":\"0302\"},{\"Name\":\"口腔医院\",\"Code\":\"0292\"},{\"Name\":\"外院\",\"Code\":\"053\"},{\"Name\":\"肝脏胰腺病区\",\"Code\":\"01204\"},{\"Name\":\"信息中心\",\"Code\":\"0505\"},{\"Name\":\"B超室\",\"Code\":\"0301\"},{\"Name\":\"骨软组织外科\",\"Code\":\"01210\"},{\"Name\":\"新冠肺炎防治小组\",\"Code\":\"0491\"},{\"Name\":\"妇科\",\"Code\":\"013\"},{\"Name\":\"颗粒药房\",\"Code\":\"058\"},{\"Name\":\"乳腺外科二病区\",\"Code\":\"01207\"},{\"Name\":\"静配中心<停用>\",\"Code\":\"055\"},{\"Name\":\"神经外科\",\"Code\":\"01211\"},{\"Name\":\"总务科\",\"Code\":\"0512\"},{\"Name\":\"院长办公室\",\"Code\":\"0501\"},{\"Name\":\"五象新区医院筹备办公室\",\"Code\":\"0522\"},{\"Name\":\"药品过期\",\"Code\":\"052\"},{\"Name\":\"综合内科\",\"Code\":\"01109\"},{\"Name\":\"早诊早治结直肠癌筛查\",\"Code\":\"028\"},{\"Name\":\"便民药房\",\"Code\":\"057\"},{\"Name\":\"营养科\",\"Code\":\"021\"},{\"Name\":\"物理诊断中心\",\"Code\":\"0314\"},{\"Name\":\"早诊早治肝癌筛查\",\"Code\":\"023\"}],\"applyfield\":\"Name\",\"source\":null,\"enable\":false}', '2019-12-03 15:07:34', '2021-03-10 13:55:09', NULL, NULL, NULL, 0);
INSERT INTO `systemconfig` VALUES (3872744687127232512, 'gf_doctor_conf', 'gf_doctor_conf', '{\"items\":[],\"applyfield\":\"Name\",\"source\":null,\"enable\":false}', '2021-01-21 17:44:47', '2021-01-28 11:00:15', NULL, NULL, NULL, 0);

-- ----------------------------
-- Table structure for work_book
-- ----------------------------
DROP TABLE IF EXISTS `work_book`;
CREATE TABLE `work_book`  (
  `id` bigint(0) NOT NULL AUTO_INCREMENT,
  `name` varchar(50) CHARACTER SET utf8mb4 COLLATE utf8mb4_0900_ai_ci NULL DEFAULT NULL COMMENT '标题',
  `data_source_id` bigint(0) NOT NULL COMMENT '关联数据源Id',
  `repository_id` bigint(0) NULL DEFAULT NULL COMMENT '关联数据仓库id',
  `data_provider_type` int(0) NULL DEFAULT NULL COMMENT '数据仓库类型',
  `chart_mode` int(0) NOT NULL COMMENT '图表模式',
  `filters` longtext CHARACTER SET utf8mb4 COLLATE utf8mb4_0900_ai_ci NULL COMMENT '过滤条件',
  `rows` longtext CHARACTER SET utf8mb4 COLLATE utf8mb4_0900_ai_ci NULL COMMENT '行字段',
  `columns` longtext CHARACTER SET utf8mb4 COLLATE utf8mb4_0900_ai_ci NULL COMMENT '列字段',
  `color_mark` longtext CHARACTER SET utf8mb4 COLLATE utf8mb4_0900_ai_ci NULL COMMENT '颜色配置',
  `tool_tips_format` text CHARACTER SET utf8mb4 COLLATE utf8mb4_0900_ai_ci NULL COMMENT '工具提示的文本格式',
  `url_params` longtext CHARACTER SET utf8mb4 COLLATE utf8mb4_0900_ai_ci NULL COMMENT '外链参数',
  `scale` double NULL DEFAULT NULL COMMENT '缩放比例',
  `label_option` text CHARACTER SET utf8mb4 COLLATE utf8mb4_0900_ai_ci NULL COMMENT '标签配置',
  `bg_color` varchar(50) CHARACTER SET utf8mb4 COLLATE utf8mb4_0900_ai_ci NULL DEFAULT NULL COMMENT '背景色',
  `limit` text CHARACTER SET utf8mb4 COLLATE utf8mb4_0900_ai_ci NULL COMMENT '数据截取',
  `is_yoy` tinyint(0) NULL DEFAULT NULL COMMENT '是否开启同环比计算',
  `create_time` datetime(0) NOT NULL,
  `last_update_time` datetime(0) NULL DEFAULT NULL,
  `last_update_user_id` varchar(50) CHARACTER SET utf8mb4 COLLATE utf8mb4_0900_ai_ci NULL DEFAULT NULL,
  `create_user_id` varchar(50) CHARACTER SET utf8mb4 COLLATE utf8mb4_0900_ai_ci NULL DEFAULT NULL,
  `description` varchar(100) CHARACTER SET utf8mb4 COLLATE utf8mb4_0900_ai_ci NULL DEFAULT NULL,
  `table_theme` text CHARACTER SET utf8mb4 COLLATE utf8mb4_0900_ai_ci NULL COMMENT '表格配置',
  `rank_mark` text CHARACTER SET utf8mb4 COLLATE utf8mb4_0900_ai_ci NULL COMMENT '指标等级',
  `auto_update` double NOT NULL COMMENT '自动更新数据源的时间，0表示不更新，单位分钟',
  `chart_config` longtext CHARACTER SET utf8mb4 COLLATE utf8mb4_0900_ai_ci NULL,
  `is_delete` tinyint(0) NOT NULL DEFAULT 0,
  `produce_parameters` longtext CHARACTER SET utf8mb4 COLLATE utf8mb4_0900_ai_ci NULL,
  `yoy_type` longtext CHARACTER SET utf8mb4 COLLATE utf8mb4_0900_ai_ci NULL,
  `data_snapshot` longtext CHARACTER SET utf8mb4 COLLATE utf8mb4_0900_ai_ci NULL,
  `data_marking` longtext CHARACTER SET utf8mb4 COLLATE utf8mb4_0900_ai_ci NULL,
  `having_filters` longtext CHARACTER SET utf8mb4 COLLATE utf8mb4_0900_ai_ci NULL,
  PRIMARY KEY (`id`) USING BTREE
) ENGINE = InnoDB AUTO_INCREMENT = 3890388686520451074 CHARACTER SET = utf8mb4 COLLATE = utf8mb4_0900_ai_ci COMMENT = '工作表' ROW_FORMAT = Dynamic;

-- ----------------------------
-- Records of work_book
-- ----------------------------
INSERT INTO `work_book` VALUES (1413703258573115393, '患者来源分布地图', 1413702939306889218, 3694076268979945472, 4, 2, '[]', '[{\"name\":\"总和(人数)\",\"dataType\":2,\"systemName\":\"人数\",\"bakName\":\"人数\",\"slaveType\":1,\"aggregateMode\":4,\"group\":false}]', '[{\"name\":\"省\",\"dataType\":1,\"systemName\":\"省\",\"slaveType\":0,\"bakName\":\"省\",\"group\":true,\"province\":{},\"geoMarker\":\"Geo-P\"}]', '{}', NULL, '[]', NULL, NULL, NULL, '{\"take\":100}', 0, '2021-07-10 11:34:57', '2021-07-10 11:48:47', NULL, NULL, NULL, NULL, 'null', 5, '{\"GlobalColor\":\"#0082fc\",\"MultiColors\":[\"#0082fc\",\"#fdd845\",\"#22ed7c\",\"#09b0d3\",\"#1d27c9\",\"#f9e264\",\"#f47a75\",\"#05f8d6\",\"#009db2\",\"#024b51\",\"#0780cf\",\"#765005\"],\"scale\":0.8,\"axisStyle\":{\"tickColor\":\"#e5e5e5\",\"fontColor\":\"#999999\",\"fontFamily\":\"微软雅黑\",\"fontSize\":11},\"textStyle\":{\"display\":\"block\",\"font-family\":\"Arial\",\"font-size\":12,\"font-style\":\"normal\",\"font-weight\":\"normal\",\"fill\":\"#000000\",\"position\":\"top\"},\"valley\":{\"enable\":false,\"value\":0,\"color\":\"#FF0000\"},\"peak\":{\"enable\":false,\"value\":100,\"color\":\"#FF3300\"},\"xAxisLabelRotate\":0,\"fillArea\":0,\"labelRotate\":0,\"showSplitLine\":true,\"borderColor\":\"#000000\",\"showLegend\":true,\"legendPosition\":\"right\",\"legendPostions\":[{\"label\":\"左上\",\"value\":\"left\"},{\"label\":\"左下\",\"value\":\"leftBottom\"},{\"label\":\"右上\",\"value\":\"right\"},{\"label\":\"右下\",\"value\":\"rightBottom\"}]}', 0, NULL, 'year', NULL, NULL, NULL);
INSERT INTO `work_book` VALUES (1413704937972436994, '收入指标贴', 1413704628726403073, 3694076268979945472, 4, 19, '[{\"filterMode\":5,\"matchValue\":\"instant\",\"filterItems\":[],\"beginDate\":\"2021-07-10T03:40:44.986Z\",\"endDate\":\"2021-07-10T03:40:44.986Z\",\"field\":{\"name\":\"日期\",\"dataType\":4,\"systemName\":\"日期\",\"slaveType\":0,\"bakName\":\"日期\",\"dateTimeSub\":\"year\"},\"mark\":\"date\"}]', '[{\"name\":\"总和(金额)\",\"dataType\":2,\"systemName\":\"金额\",\"bakName\":\"金额\",\"slaveType\":1,\"aggregateMode\":4,\"group\":false}]', '[]', '{}', NULL, '[]', NULL, NULL, NULL, '{\"take\":10}', 1, '2021-07-10 11:41:37', NULL, NULL, NULL, NULL, NULL, NULL, 0, '{\"GlobalColor\":\"#0082fc\",\"MultiColors\":[\"#0082fc\",\"#fdd845\",\"#22ed7c\",\"#09b0d3\",\"#1d27c9\",\"#f9e264\",\"#f47a75\",\"#05f8d6\",\"#009db2\",\"#024b51\",\"#0780cf\",\"#765005\"],\"scale\":0.8,\"axisStyle\":{\"tickColor\":\"#e5e5e5\",\"fontColor\":\"#999999\",\"fontFamily\":\"Arial\",\"fontSize\":12},\"textStyle\":{\"display\":\"block\",\"font-family\":\"Arial\",\"font-size\":12,\"font-style\":\"normal\",\"font-weight\":\"normal\",\"fill\":\"#000000\",\"position\":\"top\"},\"valley\":{\"enable\":false,\"value\":0,\"color\":\"#FF0000\"},\"peak\":{\"enable\":false,\"value\":100,\"color\":\"#FF3300\"},\"xAxisLabelRotate\":0,\"fillArea\":0,\"labelRotate\":0,\"showSplitLine\":true,\"ThemeType\":\"\",\"style\":{\"padding\":\"24px 0px 0px 20px\",\"backgroundColor\":\"\",\"title\":{\"content\":\"\",\"fontFamily\":\"微软雅黑\",\"fontSize\":\"12px\",\"color\":\"rgb(211, 211, 211)\"},\"percent\":{\"color\":\"rgb(255, 82, 144)\",\"color2\":\"color: rgb(0, 222, 170)\",\"fontFamily\":\"微软雅黑\",\"fontSize\":\"14px\",\"padding-left\":\"16px\"},\"measure\":{\"color\":\"rgb(250, 216, 96)\",\"fontFamily\":\"微软雅黑\",\"fontSize\":\"24px\",\"marginBottom\":\"10px\"},\"icon\":{\"class\":\"\",\"color\":\"\",\"fontSize\":\"14px\"},\"GlobalColor\":\"#0082fc\",\"MultiColors\":[\"#0082fc\",\"#fdd845\",\"#22ed7c\",\"#09b0d3\",\"#1d27c9\",\"#f9e264\",\"#f47a75\",\"#05f8d6\",\"#009db2\",\"#024b51\",\"#0780cf\",\"#765005\"],\"scale\":0.8,\"axisStyle\":{\"tickColor\":\"#e5e5e5\",\"fontColor\":\"#999999\",\"fontFamily\":\"Arial\",\"fontSize\":12},\"textStyle\":{\"display\":\"block\",\"font-family\":\"Arial\",\"font-size\":12,\"font-style\":\"normal\",\"font-weight\":\"normal\",\"fill\":\"#000000\",\"position\":\"top\"},\"valley\":{\"enable\":false,\"value\":0,\"color\":\"#FF0000\"},\"peak\":{\"enable\":false,\"value\":100,\"color\":\"#FF3300\"},\"xAxisLabelRotate\":0,\"fillArea\":0,\"labelRotate\":0,\"showSplitLine\":true,\"ThemeType\":\"\",\"style\":{\"padding\":\"24px 0px 0px 20px\",\"backgroundColor\":\"\",\"title\":{\"content\":\"\",\"fontFamily\":\"微软雅黑\",\"fontSize\":\"12px\",\"color\":\"rgb(211, 211, 211)\"},\"percent\":{\"color\":\"rgb(255, 82, 144)\",\"color2\":\"color: rgb(0, 222, 170)\",\"fontFamily\":\"微软雅黑\",\"fontSize\":\"14px\",\"padding-left\":\"16px\"},\"measure\":{\"color\":\"rgb(250, 216, 96)\",\"fontFamily\":\"微软雅黑\",\"fontSize\":\"24px\"},\"icon\":{\"class\":\"\",\"color\":\"\",\"fontSize\":\"14px\"}},\"chartMode\":19},\"chartMode\":19}', 1, NULL, 'year', NULL, NULL, NULL);
INSERT INTO `work_book` VALUES (1413927884247011329, '收入指标贴', 1413704628726403073, 3694076268979945472, 4, 19, '[{\"filterMode\":5,\"matchValue\":\"yesterday\",\"filterItems\":[],\"beginDate\":\"2021-07-10T18:26:40.598Z\",\"endDate\":\"2021-07-10T18:26:40.599Z\",\"field\":{\"name\":\"日期\",\"dataType\":4,\"systemName\":\"日期\",\"slaveType\":0,\"bakName\":\"日期\",\"dateTimeSub\":\"year\"},\"mark\":\"date\"}]', '[{\"name\":\"总和(金额)\",\"dataType\":2,\"systemName\":\"金额\",\"bakName\":\"金额\",\"slaveType\":1,\"aggregateMode\":4,\"group\":false,\"numberFormat\":{\"num_format_e\":2,\"num_format_s\":1,\"num_format_p\":{\"prefix\":\"\",\"subfix\":\"\"},\"num_format_i\":true}}]', '[]', '{}', NULL, '[]', NULL, NULL, NULL, '{\"take\":10}', 1, '2021-07-11 02:27:32', '2021-07-20 15:12:55', NULL, NULL, NULL, NULL, 'null', 0, '{\"GlobalColor\":\"#0082fc\",\"MultiColors\":[\"#0082fc\",\"#fdd845\",\"#22ed7c\",\"#09b0d3\",\"#1d27c9\",\"#f9e264\",\"#f47a75\",\"#05f8d6\",\"#009db2\",\"#024b51\",\"#0780cf\",\"#765005\"],\"scale\":0.8,\"axisStyle\":{\"tickColor\":\"#e5e5e5\",\"fontColor\":\"#999999\",\"fontFamily\":\"Arial\",\"fontSize\":12},\"textStyle\":{\"display\":\"block\",\"font-family\":\"Arial\",\"font-size\":12,\"font-style\":\"normal\",\"font-weight\":\"normal\",\"fill\":\"#000000\",\"position\":\"top\"},\"valley\":{\"enable\":false,\"value\":0,\"color\":\"#FF0000\"},\"peak\":{\"enable\":false,\"value\":100,\"color\":\"#FF3300\"},\"xAxisLabelRotate\":0,\"fillArea\":0,\"labelRotate\":0,\"showSplitLine\":true,\"ThemeType\":\"\",\"style\":{\"padding\":\"24px 0px 0px 20px\",\"backgroundColor\":\"\",\"title\":{\"content\":\"\",\"fontFamily\":\"微软雅黑\",\"fontSize\":\"12px\",\"color\":\"rgb(211, 211, 211)\"},\"percent\":{\"color\":\"rgb(255, 82, 144)\",\"color2\":\"#70ffc8\",\"fontFamily\":\"微软雅黑\",\"fontSize\":\"14px\",\"padding-left\":\"16px\",\"color1\":\"#ff5757\"},\"measure\":{\"color\":\"rgb(250, 216, 96)\",\"fontFamily\":\"微软雅黑\",\"fontSize\":\"24px\",\"marginBottom\":\"10px\"},\"icon\":{\"class\":\"\",\"color\":\"\",\"fontSize\":\"14px\"}},\"chartMode\":19}', 0, NULL, 'year', NULL, NULL, NULL);
INSERT INTO `work_book` VALUES (1414141634099146753, '123', 1413704628726403073, 3694076268979945472, 4, 19, '[{\"filterMode\":4,\"matchValue\":\"today\",\"filterItems\":[],\"beginDate\":\"2021-07-13T00:00:00\",\"endDate\":\"2021-07-18T00:00:00\",\"field\":{\"name\":\"日期\",\"dataType\":4,\"systemName\":\"日期\",\"slaveType\":0,\"bakName\":\"日期\",\"dateTimeSub\":\"year\"},\"mark\":\"date\"}]', '[{\"name\":\"总和(金额)\",\"dataType\":2,\"systemName\":\"金额\",\"bakName\":\"金额\",\"slaveType\":1,\"aggregateMode\":4,\"group\":false,\"numberFormat\":{\"num_format_e\":2,\"num_format_s\":-1,\"num_format_p\":{\"prefix\":\"\",\"subfix\":\"\"},\"num_format_i\":true}}]', '[]', '{}', NULL, '[]', NULL, NULL, NULL, '{\"take\":10}', 1, '2021-07-11 16:36:54', '2021-07-18 11:56:31', NULL, NULL, NULL, NULL, 'null', 0.5, '{\"GlobalColor\":\"#0082fc\",\"MultiColors\":[\"#0082fc\",\"#fdd845\",\"#22ed7c\",\"#09b0d3\",\"#1d27c9\",\"#f9e264\",\"#f47a75\",\"#05f8d6\",\"#009db2\",\"#024b51\",\"#0780cf\",\"#765005\"],\"scale\":0.8,\"axisStyle\":{\"tickColor\":\"#e5e5e5\",\"fontColor\":\"#999999\",\"fontFamily\":\"Arial\",\"fontSize\":12},\"textStyle\":{\"display\":\"block\",\"font-family\":\"Arial\",\"font-size\":12,\"font-style\":\"normal\",\"font-weight\":\"normal\",\"fill\":\"#000000\",\"position\":\"top\"},\"valley\":{\"enable\":false,\"value\":0,\"color\":\"#FF0000\"},\"peak\":{\"enable\":false,\"value\":100,\"color\":\"#FF3300\"},\"xAxisLabelRotate\":0,\"fillArea\":0,\"labelRotate\":0,\"showSplitLine\":true,\"style\":{\"padding\":\"24px 0px 0px 20px\",\"backgroundColor\":\"\",\"title\":{\"content\":\"\",\"fontFamily\":\"微软雅黑\",\"fontSize\":\"24px\",\"padding-left\":\"20px\",\"margin-bottom\":\"0px\",\"color\":\"#fafafa\"},\"percent\":{\"color1\":\"#FF5290\",\"color2\":\"#00DEAA\",\"fontFamily\":\"微软雅黑\",\"fontSize\":\"24px\",\"padding-left\":\"16px\"},\"measure\":{\"fontFamily\":\"微软雅黑\",\"fontSize\":\"34px\",\"padding\":\"10px 0 10px 20px\",\"color\":\"#5aadf2\"},\"icon\":{\"class\":\"\",\"color\":\"\",\"fontSize\":\"14px\"}},\"ThemeType\":\"\",\"chartMode\":19}', 0, NULL, 'year', NULL, NULL, NULL);
INSERT INTO `work_book` VALUES (1414627244719058945, '3D图表', 1413704628726403073, 3694076268979945472, 4, 25, '[{\"filterMode\":5,\"matchValue\":\"instant\",\"filterItems\":[],\"beginDate\":\"2021-07-12T16:33:03.130Z\",\"endDate\":\"2021-07-12T16:33:03.130Z\",\"field\":{\"name\":\"日期\",\"dataType\":4,\"systemName\":\"日期\",\"slaveType\":0,\"bakName\":\"日期\",\"dateTimeSub\":\"year\"},\"mark\":\"date\"}]', '[{\"name\":\"收入大类\",\"dataType\":1,\"systemName\":\"收入大类\",\"slaveType\":0,\"bakName\":\"收入大类\",\"group\":true},{\"name\":\"总和(金额)\",\"dataType\":2,\"systemName\":\"金额\",\"bakName\":\"金额\",\"slaveType\":1,\"aggregateMode\":4,\"group\":false}]', '[{\"name\":\"科室名称\",\"dataType\":1,\"systemName\":\"科室名称\",\"slaveType\":0,\"bakName\":\"科室名称\",\"group\":true}]', '{}', NULL, '[]', NULL, NULL, NULL, '{\"take\":60}', 0, '2021-07-13 00:46:32', NULL, NULL, NULL, NULL, NULL, NULL, 0, '{\"GlobalColor\":\"#4992ff\",\"MultiColors\":[\"#4992ff\",\"#7cffb2\",\"#fddd60\",\"#ff6e76\",\"#58d9f9\",\"#05c091\",\"#ff8a45\",\"#8d48e3\",\"#dd79ff\"],\"scale\":0.8,\"axisStyle\":{\"tickColor\":\"#e5e5e5\",\"fontColor\":\"#999999\",\"fontFamily\":\"微软雅黑\",\"fontSize\":11},\"textStyle\":{\"display\":\"block\",\"font-family\":\"Arial\",\"font-size\":12,\"font-style\":\"normal\",\"font-weight\":\"normal\",\"fill\":\"#666\",\"position\":\"top\"},\"valley\":{\"enable\":false,\"value\":0,\"color\":\"#FF0000\"},\"peak\":{\"enable\":false,\"value\":100,\"color\":\"#FF3300\"},\"xAxisLabelRotate\":0,\"fillArea\":0,\"showSplitLine\":true,\"style\":{\"padding\":\"24px 0px 0px 20px\",\"backgroundColor\":\"\",\"title\":{\"content\":\"\",\"fontFamily\":\"微软雅黑\",\"fontSize\":\"14px\",\"padding-left\":\"20px\",\"margin-bottom\":\"0px\"},\"percent\":{\"color1\":\"#FF5290\",\"color2\":\"#00DEAA\",\"fontFamily\":\"微软雅黑\",\"fontSize\":\"14px\",\"padding-left\":\"16px\"},\"measure\":{\"fontFamily\":\"微软雅黑\",\"fontSize\":\"24px\",\"padding\":\"10px 0 10px 20px\"},\"icon\":{\"class\":\"\",\"color\":\"\",\"fontSize\":\"14px\"}},\"labelRotate\":0,\"GlobalNoColor\":false,\"scaleLabel\":\"缩放比例\",\"roseType\":\"radius\",\"fillAreaStyle\":{\"mode\":0,\"gradientDirection\":\"top\",\"gradientBeginColor\":\"transparent\"},\"mapModel\":0,\"showAxisLine\":true,\"showAxisLabel\":{\"category\":true,\"value\":true,\"value2\":true},\"labelFormatter\":\"\",\"labelFormatterTemps\":[],\"showLegend\":true,\"splitLineMode\":\"all\",\"smtMode\":\"all\",\"legendPosition\":\"top\",\"legendPositions\":[],\"outerScale\":0.9,\"outerScaleLabel\":\"外圈缩放比例\",\"chartPadding\":\"30px 10px 15px 10px\",\"MultiKPIs\":[],\"KPIType\":-1,\"xAxisName\":{\"show\":true,\"name\":\"\"},\"yAxisName\":{\"show\":true,\"name\":\"\"},\"yAxisName2\":{\"show\":true,\"name\":\"\"},\"lineSmooth\":0,\"labelPosition\":\"foot\",\"showToolbox\":true,\"valueRange\":{\"min\":null,\"max\":null},\"valueRange2\":{\"min\":null,\"max\":null},\"barBorderRadius\":[0,0,0,0],\"barFillStyle\":{\"mode\":0,\"gradientDirection\":\"top\",\"gradientBeginColor\":\"#ffffff\"},\"barMaxWidth\":0,\"chartMode\":25}', 0, NULL, 'year', NULL, NULL, NULL);
INSERT INTO `work_book` VALUES (1414868845928226817, '文字云', 1413704628726403073, 3694076268979945472, 4, 23, '[{\"filterMode\":5,\"matchValue\":\"ultimo\",\"filterItems\":[],\"beginDate\":\"2021-07-13T08:45:43.990Z\",\"endDate\":\"2021-07-13T08:45:43.990Z\",\"field\":{\"name\":\"日期\",\"dataType\":4,\"systemName\":\"日期\",\"slaveType\":0,\"bakName\":\"日期\",\"dateTimeSub\":\"year\"},\"mark\":\"date\"}]', '[{\"name\":\"总和(金额)\",\"dataType\":2,\"systemName\":\"金额\",\"bakName\":\"金额\",\"slaveType\":1,\"aggregateMode\":4,\"group\":false}]', '[{\"name\":\"收入大类\",\"dataType\":1,\"systemName\":\"收入大类\",\"slaveType\":0,\"bakName\":\"收入大类\",\"group\":true}]', '{}', NULL, '[]', NULL, NULL, NULL, '{\"take\":100}', 0, '2021-07-13 16:46:35', NULL, NULL, NULL, NULL, NULL, NULL, 0, '{\"GlobalColor\":\"#4992ff\",\"MultiColors\":[\"#4992ff\",\"#7cffb2\",\"#fddd60\",\"#ff6e76\",\"#58d9f9\",\"#05c091\",\"#ff8a45\",\"#8d48e3\",\"#dd79ff\"],\"scale\":0.8,\"axisStyle\":{\"tickColor\":\"#616161\",\"fontColor\":\"#ffffff\",\"fontFamily\":\"微软雅黑\",\"fontSize\":11},\"textStyle\":{\"display\":\"block\",\"font-family\":\"Arial\",\"font-size\":12,\"font-style\":\"normal\",\"font-weight\":\"normal\",\"fill\":\"#666\",\"position\":\"top\"},\"valley\":{\"enable\":false,\"value\":0,\"color\":\"#FF0000\"},\"peak\":{\"enable\":false,\"value\":100,\"color\":\"#FF3300\"},\"xAxisLabelRotate\":0,\"fillArea\":0,\"showSplitLine\":true,\"style\":{\"padding\":\"24px 0px 0px 20px\",\"backgroundColor\":\"\",\"title\":{\"content\":\"\",\"fontFamily\":\"微软雅黑\",\"fontSize\":\"14px\",\"padding-left\":\"20px\",\"margin-bottom\":\"0px\",\"color\":\"#D3D3D3\"},\"percent\":{\"color1\":\"#FF5290\",\"color2\":\"#00DEAA\",\"fontFamily\":\"微软雅黑\",\"fontSize\":\"14px\",\"padding-left\":\"16px\",\"color\":\"rgb(255, 82, 144)\"},\"measure\":{\"fontFamily\":\"微软雅黑\",\"fontSize\":\"24px\",\"padding\":\"10px 0 10px 20px\",\"color\":\"#FAD860\",\"marginBottom\":\"10px\"},\"icon\":{\"class\":\"\",\"color\":\"\",\"fontSize\":\"14px\"}}}', 0, NULL, 'year', NULL, NULL, NULL);
INSERT INTO `work_book` VALUES (1414869963869626370, '矩阵图表', 1413704628726403073, 3694076268979945472, 4, 8, '[{\"filterMode\":4,\"matchValue\":\"instant\",\"filterItems\":[],\"beginDate\":\"2021-06-18T17:45:56\",\"endDate\":\"2021-07-18T17:45:56\",\"field\":{\"name\":\"日期\",\"dataType\":4,\"systemName\":\"日期\",\"slaveType\":0,\"bakName\":\"日期\",\"dateTimeSub\":\"year\"},\"mark\":\"date\"}]', '[{\"name\":\"总和(金额)\",\"dataType\":2,\"systemName\":\"金额\",\"bakName\":\"金额\",\"slaveType\":1,\"aggregateMode\":4,\"group\":false}]', '[{\"name\":\"年(科室名称)\",\"dataType\":1,\"systemName\":\"科室名称\",\"slaveType\":0,\"bakName\":\"科室名称\",\"dateTimeSub\":\"year\",\"group\":true}]', '{}', NULL, '[]', NULL, NULL, NULL, '{\"take\":100}', 0, '2021-07-13 16:51:01', '2021-07-18 19:22:22', NULL, NULL, NULL, NULL, 'null', 0, '{\"GlobalColor\":\"#4992ff\",\"MultiColors\":[\"#4992ff\",\"#7cffb2\",\"#fddd60\",\"#ff6e76\",\"#58d9f9\",\"#05c091\",\"#ff8a45\",\"#8d48e3\",\"#dd79ff\"],\"scale\":0.8,\"axisStyle\":{\"tickColor\":\"#616161\",\"fontColor\":\"#ffffff\",\"fontFamily\":\"微软雅黑\",\"fontSize\":11},\"textStyle\":{\"display\":\"block\",\"font-family\":\"Arial\",\"font-size\":12,\"font-style\":\"normal\",\"font-weight\":\"normal\",\"fill\":\"#ffffff\",\"position\":\"top\"},\"valley\":{\"enable\":false,\"value\":0,\"color\":\"#FF0000\"},\"peak\":{\"enable\":false,\"value\":100,\"color\":\"#FF3300\"},\"xAxisLabelRotate\":0,\"fillArea\":0,\"showSplitLine\":true,\"style\":{\"padding\":\"24px 0px 0px 20px\",\"backgroundColor\":\"\",\"title\":{\"content\":\"\",\"fontFamily\":\"微软雅黑\",\"fontSize\":\"14px\",\"padding-left\":\"20px\",\"margin-bottom\":\"0px\"},\"percent\":{\"color1\":\"#FF5290\",\"color2\":\"#00DEAA\",\"fontFamily\":\"微软雅黑\",\"fontSize\":\"14px\",\"padding-left\":\"16px\"},\"measure\":{\"fontFamily\":\"微软雅黑\",\"fontSize\":\"24px\",\"padding\":\"10px 0 10px 20px\"},\"icon\":{\"class\":\"\",\"color\":\"\",\"fontSize\":\"14px\"}}}', 1, NULL, 'year', NULL, NULL, NULL);
INSERT INTO `work_book` VALUES (1414987839796510721, '饼图', 1414977967679959041, 3694076268979945472, 4, 3, '[{\"filterMode\":5,\"matchValue\":\"instant\",\"filterItems\":[],\"beginDate\":\"2021-07-13T16:00:18.655Z\",\"endDate\":\"2021-07-13T16:00:18.655Z\",\"field\":{\"name\":\"出院日期\",\"dataType\":4,\"systemName\":\"出院日期\",\"slaveType\":0,\"bakName\":\"出院日期\",\"dateTimeSub\":\"year\"},\"mark\":\"date\"}]', '[{\"name\":\"总和(人次)\",\"dataType\":2,\"systemName\":\"人次\",\"bakName\":\"人次\",\"slaveType\":1,\"aggregateMode\":4,\"group\":false,\"sortMode\":\"\"}]', '[{\"name\":\"病区名称\",\"dataType\":1,\"systemName\":\"病区名称\",\"slaveType\":0,\"bakName\":\"病区名称\",\"group\":true}]', '{}', NULL, '[]', NULL, NULL, NULL, '{\"take\":10}', 0, '2021-07-14 00:39:25', '2021-07-14 22:36:21', NULL, NULL, NULL, NULL, 'null', 0, '{\"GlobalColor\":\"#4992ff\",\"MultiColors\":[\"#4992ff\",\"#7cffb2\",\"#fddd60\",\"#ff6e76\",\"#58d9f9\",\"#05c091\",\"#ff8a45\",\"#8d48e3\",\"#dd79ff\"],\"scale\":0.12,\"axisStyle\":{\"tickColor\":\"#616161\",\"fontColor\":\"#ffffff\",\"fontFamily\":\"微软雅黑\",\"fontSize\":11},\"textStyle\":{\"display\":\"block\",\"font-family\":\"Arial\",\"font-size\":12,\"font-style\":\"normal\",\"font-weight\":\"normal\",\"fill\":\"#ffffff\",\"position\":\"top\"},\"valley\":{\"enable\":false,\"value\":0,\"color\":\"#FF0000\"},\"peak\":{\"enable\":false,\"value\":100,\"color\":\"#FF3300\"},\"xAxisLabelRotate\":0,\"fillArea\":0,\"showSplitLine\":true,\"style\":{\"padding\":\"24px 0px 0px 20px\",\"backgroundColor\":\"\",\"title\":{\"content\":\"\",\"fontFamily\":\"微软雅黑\",\"fontSize\":\"14px\",\"padding-left\":\"20px\",\"margin-bottom\":\"0px\"},\"percent\":{\"color1\":\"#FF5290\",\"color2\":\"#00DEAA\",\"fontFamily\":\"微软雅黑\",\"fontSize\":\"14px\",\"padding-left\":\"16px\"},\"measure\":{\"fontFamily\":\"微软雅黑\",\"fontSize\":\"24px\",\"padding\":\"10px 0 10px 20px\"},\"icon\":{\"class\":\"\",\"color\":\"\",\"fontSize\":\"14px\"}},\"labelRotate\":0,\"scaleLabel\":\"内圈缩放比例\",\"roseType\":\"radius\",\"labelFormater\":\"<%=name%>: <%=value%>\",\"labelFormaterTemps\":[{\"name\":\"维度\",\"value\":\"<%=name%>\"},{\"name\":\"占比\",\"value\":\"<%=ratio%>\"},{\"name\":\"维度:度量值\",\"value\":\"<%=name%>: <%=value%>\"},{\"name\":\"维度:[占比]\",\"value\":\"<%=name%>: [<%=ratio%>]\"},{\"name\":\"维度:度量值[占比]\",\"value\":\"<%=name%>: <%=value%> [<%=ratio%>]\"}],\"showLegend\":true,\"legendPosition\":\"top\",\"outerScale\":0.8,\"outerScaleLabel\":\"外圈缩放比例\",\"legendPostions\":[{\"label\":\"顶部\",\"value\":\"top\"},{\"label\":\"左上\",\"value\":\"left\"},{\"label\":\"左下\",\"value\":\"leftBottom\"},{\"label\":\"右上\",\"value\":\"right\"},{\"label\":\"右下\",\"value\":\"rightBottom\"},{\"label\":\"底部\",\"value\":\"bottom\"}]}', 0, NULL, 'year', NULL, NULL, NULL);
INSERT INTO `work_book` VALUES (1415871769282195457, '门诊人次计数器', 1415863308821577729, 3694076268979945472, 4, 18, '[{\"filterMode\":4,\"matchValue\":\"today\",\"filterItems\":[],\"beginDate\":\"2021-07-13T00:00:00\",\"endDate\":\"2021-07-18T00:00:00\",\"field\":{\"name\":\"就诊时间\",\"dataType\":4,\"systemName\":\"就诊时间\",\"slaveType\":0,\"bakName\":\"就诊时间\",\"dateTimeSub\":\"year\"},\"mark\":\"date\"}]', '[]', '[{\"field\":{},\"isRow\":false,\"slaveType\":1,\"expression\":\"COUNT(1)\",\"name\":\"门诊人次\",\"dataType\":2,\"tempid\":\"977522c8e8eda388d208ad302a9a7edf\",\"bakName\":\"门诊人次\",\"systemName\":\"门诊人次\"}]', '{}', NULL, '[]', NULL, NULL, NULL, '{\"take\":10}', 0, '2021-07-16 11:11:50', '2021-07-18 11:56:52', NULL, NULL, NULL, NULL, 'null', 0.5, '{\"GlobalColor\":\"#4992ff\",\"MultiColors\":[\"#4992ff\",\"#7cffb2\",\"#fddd60\",\"#ff6e76\",\"#58d9f9\",\"#05c091\",\"#ff8a45\",\"#8d48e3\",\"#dd79ff\"],\"scale\":0.8,\"axisStyle\":{\"tickColor\":\"#ffffff\",\"fontColor\":\"#ffffff\",\"fontFamily\":\"Arial\",\"fontSize\":12},\"textStyle\":{\"display\":\"block\",\"font-family\":\"Arial\",\"font-size\":12,\"font-style\":\"normal\",\"font-weight\":\"normal\",\"fill\":\"#ffffff\",\"position\":\"top\"},\"valley\":{\"enable\":false,\"value\":0,\"color\":\"#FF0000\"},\"peak\":{\"enable\":false,\"value\":100,\"color\":\"#FF3300\"},\"xAxisLabelRotate\":0,\"fillArea\":0,\"showSplitLine\":true,\"style\":{\"padding\":\"24px 0px 0px 20px\",\"backgroundColor\":\"\",\"title\":{\"content\":\"\",\"fontFamily\":\"微软雅黑\",\"fontSize\":\"14px\",\"padding-left\":\"20px\",\"margin-bottom\":\"0px\",\"color\":\"#D3D3D3\"},\"percent\":{\"color1\":\"#FF5290\",\"color2\":\"#00DEAA\",\"fontFamily\":\"微软雅黑\",\"fontSize\":\"14px\",\"padding-left\":\"16px\"},\"measure\":{\"fontFamily\":\"微软雅黑\",\"fontSize\":\"24px\",\"padding\":\"10px 0 10px 20px\",\"color\":\"#FAD860\"},\"icon\":{\"class\":\"\",\"color\":\"\",\"fontSize\":\"14px\"}},\"leftText\":\"\",\"leftTextColor\":\"#616161\",\"leftTextFamily\":\"微软雅黑\",\"leftTextSize\":18,\"rightTextColor\":\"#ff7800\",\"rightTextFamily\":\"微软雅黑\",\"rightTextSize\":36,\"rectBgColor\":\"#060C25\"}', 0, NULL, 'year', NULL, NULL, NULL);
INSERT INTO `work_book` VALUES (1416301742262427650, '表格', 1413704628726403073, 3694076268979945472, 4, 6, '[{\"filterMode\":5,\"matchValue\":\"instant\",\"filterItems\":[],\"beginDate\":\"2021-07-17T07:38:48.417Z\",\"endDate\":\"2021-07-17T07:38:48.417Z\",\"field\":{\"name\":\"日期\",\"dataType\":4,\"systemName\":\"日期\",\"slaveType\":0,\"bakName\":\"日期\",\"dateTimeSub\":\"year\"},\"mark\":\"date\"}]', '[{\"name\":\"科室名称\",\"dataType\":1,\"systemName\":\"科室名称\",\"slaveType\":0,\"bakName\":\"科室名称\",\"group\":true}]', '[{\"name\":\"总和(金额)\",\"dataType\":2,\"systemName\":\"金额\",\"bakName\":\"金额\",\"slaveType\":1,\"aggregateMode\":4,\"group\":false}]', '{}', NULL, '[]', NULL, NULL, NULL, '{\"take\":100}', 0, '2021-07-17 15:40:24', NULL, NULL, NULL, NULL, NULL, NULL, 0, '{\"GlobalColor\":\"#4992ff\",\"MultiColors\":[\"#4992ff\",\"#7cffb2\",\"#fddd60\",\"#ff6e76\",\"#58d9f9\",\"#05c091\",\"#ff8a45\",\"#8d48e3\",\"#dd79ff\"],\"scale\":0.8,\"axisStyle\":{\"tickColor\":\"#ffffff\",\"fontColor\":\"#ffffff\",\"fontFamily\":\"Arial\",\"fontSize\":12},\"textStyle\":{\"display\":\"block\",\"font-family\":\"Arial\",\"font-size\":12,\"font-style\":\"normal\",\"font-weight\":\"normal\",\"fill\":\"#ffffff\",\"position\":\"top\"},\"valley\":{\"enable\":false,\"value\":0,\"color\":\"#FF0000\"},\"peak\":{\"enable\":false,\"value\":100,\"color\":\"#FF3300\"},\"xAxisLabelRotate\":0,\"fillArea\":0,\"showSplitLine\":true,\"style\":{\"padding\":\"24px 0px 0px 20px\",\"backgroundColor\":\"\",\"title\":{\"content\":\"\",\"fontFamily\":\"微软雅黑\",\"fontSize\":\"14px\",\"padding-left\":\"20px\",\"margin-bottom\":\"0px\"},\"percent\":{\"color1\":\"#FF5290\",\"color2\":\"#00DEAA\",\"fontFamily\":\"微软雅黑\",\"fontSize\":\"14px\",\"padding-left\":\"16px\"},\"measure\":{\"fontFamily\":\"微软雅黑\",\"fontSize\":\"24px\",\"padding\":\"10px 0 10px 20px\"},\"icon\":{\"class\":\"\",\"color\":\"\",\"fontSize\":\"14px\"}},\"ThemeType\":\"b_blueTable\",\"HeaderConfig\":{\"fontfamily\":\"微软雅黑\",\"fontsize\":14,\"fontweight\":\"bold\",\"fontstyle\":\"normal\",\"fontcolor\":\"#FFFFFF\",\"bgcolor\":\"#001eff\",\"border_bottom_color\":\"\",\"border_bottom\":0},\"TextConfig\":{\"fontfamily\":\"微软雅黑\",\"fontsize\":12,\"fontweight\":\"normal\",\"fontstyle\":\"normal\",\"fontcolor\":\"#FFFFFF\",\"bgcolor_odd\":\"\",\"bgcolor_even\":\"#1F2D4B\",\"padding\":\"\"},\"BorderConfig\":{\"vertical\":{\"show\":true,\"style\":\"solid\",\"width\":1,\"color\":\"#707070\"},\"horizontal\":{\"show\":true,\"style\":\"solid\",\"width\":1,\"color\":\"#707070\"}},\"chartMode\":6,\"ShowConfig\":{\"showLineNum\":true,\"showSort\":true,\"fixTableHead\":true,\"showSourceData\":false,\"showDownloadData\":false,\"alignType\":\"center\",\"showCount\":false,\"countColumns\":\"\"},\"TemplateConfig\":{\"link\":\"\"}}', 0, NULL, 'year', NULL, NULL, NULL);
INSERT INTO `work_book` VALUES (1417442935700553729, '表格轮播', 1417431736711757825, NULL, NULL, 8, '[]', '[{\"field\":{},\"isRow\":false,\"slaveType\":1,\"name\":\"数量\",\"expression\":\"count(1)\",\"dataType\":2,\"tempid\":\"f76ed3dfa429a808936ded25344e9f8c\",\"bakName\":\"数量\",\"systemName\":\"sl\",\"sortMode\":\"desc\"}]', '[{\"name\":\"姓名\",\"dataType\":1,\"systemName\":\"star_name\",\"slaveType\":0,\"bakName\":\"姓名\",\"dateTimeSub\":\"\",\"group\":true}]', '{}', NULL, '[]', NULL, NULL, NULL, '{\"take\":100}', 0, '2021-07-20 19:15:05', NULL, NULL, NULL, NULL, NULL, NULL, 0, '{\"GlobalColor\":\"#4992ff\",\"MultiColors\":[\"#4992ff\",\"#7cffb2\",\"#fddd60\",\"#ff6e76\",\"#58d9f9\",\"#05c091\",\"#ff8a45\",\"#8d48e3\",\"#dd79ff\"],\"scale\":0.8,\"axisStyle\":{\"tickColor\":\"#616161\",\"fontColor\":\"#ffffff\",\"fontFamily\":\"微软雅黑\",\"fontSize\":11},\"textStyle\":{\"display\":\"block\",\"font-family\":\"Arial\",\"font-size\":12,\"font-style\":\"normal\",\"font-weight\":\"normal\",\"fill\":\"#666\",\"position\":\"top\"},\"valley\":{\"enable\":false,\"value\":0,\"color\":\"#FF0000\"},\"peak\":{\"enable\":false,\"value\":100,\"color\":\"#FF3300\"},\"xAxisLabelRotate\":0,\"fillArea\":0,\"showSplitLine\":true,\"style\":{\"padding\":\"24px 0px 0px 20px\",\"backgroundColor\":\"\",\"title\":{\"content\":\"\",\"fontFamily\":\"微软雅黑\",\"fontSize\":\"14px\",\"padding-left\":\"20px\",\"margin-bottom\":\"0px\",\"color\":\"#D3D3D3\"},\"percent\":{\"color1\":\"#FF5290\",\"color2\":\"#00DEAA\",\"fontFamily\":\"微软雅黑\",\"fontSize\":\"14px\",\"padding-left\":\"16px\"},\"measure\":{\"fontFamily\":\"微软雅黑\",\"fontSize\":\"24px\",\"padding\":\"10px 0 10px 20px\",\"color\":\"#FAD860\"},\"icon\":{\"class\":\"\",\"color\":\"\",\"fontSize\":\"14px\"}}}', 0, NULL, 'year', NULL, NULL, NULL);

SET FOREIGN_KEY_CHECKS = 1;
